{
    "vertices": [1,0.710195,0.995901,1,0.734486,-1.00395,-1,0.734486,-1.00395,-1,0.710195,0.995902,1,0.041613,0.98778,0.999999,0.065905,-1.01207,-1,0.065905,-1.01207,-1,0.041613,0.98778],
    "uvs": [],
    "faces": [33,4,7,6,5,0,1,2,3,33,0,4,5,1,4,0,3,5,33,1,5,6,2,5,3,2,6,33,2,6,7,3,6,2,1,7,33,4,0,3,7,0,4,7,1],
    "name": "CubeGeometry.1",
    "metadata": {
        "version": 3,
        "vertices": 8,
        "normals": 8,
        "uvs": 0,
        "faces": 5,
        "type": "Geometry",
        "generator": "io_three"
    },
    "normals": [0.577349,-0.584307,0.570269,-0.577349,-0.584307,0.570269,-0.577349,-0.570269,-0.584307,0.577349,-0.570269,-0.584307,0.707083,-0.008576,0.707053,0.707083,0.008576,-0.707053,-0.707083,0.008576,-0.707053,-0.707083,-0.008576,0.707053]
}